english,x,y
Time,temps,0
Man,home,0
Hand,mà,1
Day,dia,0
Way,camí,0
Eye,ull,0
Thing,cosa,1
Head,cap,0
Year,any,0
Room,habitació,1
Door,porta,1
Woman,dona,1
Face,cara,1
Mother,mare,1
People,gent,1
Night,nit,1
House,casa,1
Father,pare,0
Life,vida,1
Back,esquena,1
Voice,veu,1
Girl,noia,1
Place,lloc,0
Boy,noi,0
Car,cotxe,0
Side,pàgina,1
Arm,braç,0
Child,nen,0
Word,paraula,1
Moment,moment,0
Hair,cabell,0
Foot,peu,0
Water,aigua,1
Light,llum,1
World,món,0
Name,nom,0
Friend,amic,0
Window,finestra,1
Body,cos,0
Table,taula,1
Morning,matí,0
Bed,llit,0
Wall,paret,1
Street,carrer,0
School,escola,1
Air,aire,0
Floor,sòl,0
Hour,hora,1
End,final,0
Family,família,1
Minute,minut,0
Story,història,1
God,déu,0
Week,setmana,1
Work,obra,1
Shoulder,espatlla,1
Part,part,1
Mind,ment,1
Book,llibre,0
Finger,dit,0
Mouth,boca,1
Glass,vidre,0
Tree,arbre,0
Sound,so,0
Line,línia,1
Heart,cor,0
Money,diner,0
Phone,telèfon,0
Look,mirada,1
Leg,cama,1
Chair,cadira,1
Office,oficina,1
Brother,germà,0
Question,pregunta,1
City,ciutat,1
Month,mes,0
Baby,nadó,0
Home,llar,1
Dog,gos,0
Idea,idea,1
Kitchen,cuina,1
Lot,terra,1
Son,fill,0
Job,feina,1
Paper,paper,0
Sister,germana,1
Smile,somriure,0
Point,punt,0
Thought,pensament,0
Love,amor,0
Death,mort,1
Others,altre,0
Fire,foc,0
Step,pas,0
Blood,sang,1
Fact,fet,0
Breath,respiració,1
Lip,llavi,0
Sun,sol,0
Building,edifici,0
Number,número,0
Husband,marit,0
Parent,pares,0
Corner,cantonada,1
Problem,problema,0
Couple,parella,1
Daughter,filla,1
Bag,bossa,1
Hell,infern,0
Rest,tranquil·litat,1
Business,negoci,0
Sky,cel,0
Box,caixa,1
Person,persona,1
Reason,raó,1
Right,dreta,1
Skin,pell,1
Case,cas,0
Piece,joc,0
Doctor,metge,0
Edge,vora,1
Picture,imatge,1
Sense,sentits,0
Ear,orella,1
Second,segon,0
Lady,dama,1
Neck,coll,0
Wind,vent,0
Desk,escriptori,0
Gun,arma,1
Stone,pedra,1
Coffee,cafè,0
Ship,vaixell,0
Food,menjar,0
Horse,cavall,0
Field,camp,0
War,guerra,1
Afternoon,tarda,1
Sir,senyor,0
Space,espai,1
Letter,carta,1
Bar,bar,0
Dream,somni,0
Apartment,apartament,0
Chest,pit,0
Summer,estiu,0
Matter,assumpte,0
Silence,silenci,0
Rock,roca,1
Power,poder,0
Clothes,roba,1
Sign,signe,0
Attention,atenció,1
Music,música,1
State,estat,1
Dinner,sopar,0
Hall,vestíbul,0
Pain,dolor,0
Age,edat,1
River,riu,0
Chance,oportunitat,1
Nose,nas,0
Shadow,ombra,1
Police,policia,1
Memory,memòria,1
Color,color,0
Knee,genoll,0
Wood,fusta,1
Shirt,camisa,1
Party,festa,1
Country,país,0
Truck,camions,0
Tooth,dent,1
Bill,projecte,0
Scene,escena,1
Star,estrella,1
Bird,ocell,0
Bedroom,dormitori,0
Uncle,oncle,0
Group,grup,0
Truth,veritat,1
Trouble,dificultat,1
Crowd,multitud,1
Station,estació,1
Tear,llàgrima,1
Class,classe,1
Sea,mar,0
Animal,animal,0
Center,centre,0
Feeling,sentiment,0
Mountain,muntanya,1
Shoe,sabata,1
Cat,gat,0
Screen,pantalla,1
Bottle,ampolla,1
Call,trucada,1
Living,sala,1
Cheek,galta,1
Student,alumne,0
Ball,pilota,1
Sight,vista,1
Hill,turó,0
Company,empresa,1
Church,església,1
Rain,pluja,1
Suit,vestit,0
One,únic,0
Direction,direcció,1
Will,voluntat,1
Middle,mig,0
Answer,resposta,1
Stuff,eina,1
Hospital,hospital,0
Camera,càmera,1
Card,mapa,0
Yard,granja,1
Dark,foscor,1
Shit,merda,1
Machine,màquina,1
Distance,distància,1
Area,zona,1
Narrator,narrador,0
Ice,gel,0
Snow,neu,1
Note,nota,1
Mirror,mirall,0
King,rei,0
Fear,por,1
Officer,funcionari,0
Hole,forat,0
Shot,tret,0
Guard,guardià,0
Conversation,conversa,1
System,sistema,0
Care,preocupació,1
Bit,bit,0
Movie,pel·lícula,1
Bone,os,0
Captain,capità,0
Aunt,tia,1
Control,control,0
Drink,beguda,1
Hotel,hotel,0
Coat,abric,0
Stair,escales,1
Order,ordre,1
Rose,rosa,1
Miss,senyoreta,1
Hat,barret,0
Gold,or,0
Cigarette,cigarreta,1
Cloud,núvol,0
Driver,conductor,0
Cup,copa,1
Figure,figura,1
Expression,expressió,1
Key,clau,1
Computer,ordinador,0
Flower,flor,1
Ring,anell,0
Bathroom,bany,0
Metal,metall,0
Moon,lluna,1
Song,cançó,1
Soldier,soldat,0
Radio,ràdio,1
Wave,onada,1
Plan,pla,0
College,col·legi,0
Fish,peix,0
Garden,jardí,0
Train,tren,0
Art,art,0
Beer,cervesa,1
North,nord,0
Island,illa,1
Bus,autobús,0
Smell,olor,1
Noise,soroll,0
Park,parc,0
South,sud,0
Plate,plat,0
Jacket,jaqueta,1
Help,ajuda,1
Grass,herba,1
Thanks,gràcia,1
Heat,calor,1
Sleep,son,0
Brain,cervell,0
Service,servei,0
Trip,viatge,0
Beat,cop,0
Knife,ganivet,0
Spot,taca,1
Message,missatge,0
Teacher,professor,0
Village,poble,0
Winter,hivern,0
Law,llei,1
Surface,superfície,1
Bank,banc,0
Team,equip,0
Maximum,màxim,0
Position,posició,1
Stomach,estómac,0
Turn,canvi,0
West,oest,0
Lunch,dinar,0
Creature,ésser,0
Soul,ànima,1
Leaf,fulla,1
Show,espectacle,0
Palm,palmera,1
Plastic,plàstic,0
Beach,platja,1
President,president,0
Shape,forma,1
Smoke,fum,0
Wheel,roda,1
Silver,plata,1
Roof,sostre,0
Weight,pes,0
Tongue,llengua,1
Tea,te,0
Track,ruta,1
Angle,angle,0
Tone,to,0
Circle,cercle,0
Spring,primavera,1
Porch,porxo,0
Member,membre,0
Pool,piscina,1
Need,necessitat,1
Hope,esperança,1
Lake,llac,0
Surprise,sorpresa,1
Interest,interfície,1
Spirit,esperit,0
Block,bloc,0
Bridge,pont,0
Dust,pols,1
Cell,cèl·lula,1
Wine,vi,0
Boot,bota,1
Choice,eleccions,1
Row,sèrie,1
Plane,avió,0
Watch,rellotge,0
Information,informació,1
Grandmother,àvia,1
Wing,ala,1
Bob,bob,0
Club,club,0
Master,mestre,0
Forest,bosc,0
Size,mida,1
Set,frase,1
Marriage,matrimoni,0
Forehead,front,0
Storm,tempesta,1
Doorway,passatge,0
Situation,situació,1
Counter,taulell,0
Neighbor,veí,0
Photo,foto,1
Stage,escenari,0
Meeting,trobada,1
Nurse,infermera,1
Security,seguretat,1
Event,esdeveniment,0
Engine,motor,0
Gift,regal,0
Restaurant,restaurant,0
Board,tauler,0
Hallway,passadís,0
Army,exèrcit,0
Effort,esforç,0
East,orient,0
Agent,agent,0
Future,futur,0
Pant,pantalons,0
Leather,cuir,0
Flight,vol,0
Sex,sexe,0
Court,tribunal,0
Course,curs,0
Dirt,brutícia,1
Egg,ou,0
Chin,barbeta,1
Stranger,estrany,0
Pleasure,plaer,0
Detail,detall,0
Crew,tripulació,1
Fall,tardor,1
Guest,convidat,0
Experience,experiència,1
Joke,broma,1
Sand,sorra,1
Fist,puny,0
Action,acció,1
Walk,passeig,0
Wedding,casament,0
Nature,natura,1
Planet,planeta,0
Cousin,cosins,0
Movement,moviment,0
Flesh,carn,1
Record,registre,0
Camp,campament,0
Newspaper,diari,0
Ray,raig,0
Couch,sofà,0
Grandfather,avi,0
Secret,secret,0
Beauty,bellesa,1
Presence,presència,1
Bell,campana,1
Button,botó,0
List,llista,1
Level,nivell,0
Date,data,1
Subject,tema,0
Difference,diferència,1
Pause,ruptura,1
Van,furgoneta,1
Television,televisió,1
Cover,portada,1
Past,passat,0
Lap,úter,0
Band,banda,1
Lawyer,advocat,0
Magazine,revista,1
Branch,branca,1
Frame,marc,0
Deck,coberta,1
Effect,efecte,0
Dance,dansa,1
Vision,visió,1
Ass,cul,0
Character,personatge,0
Goodbye,comiat,0
Parking,aparcament,0
Breakfast,esmorzar,0
Gesture,gest,0
Luck,felicitat,1
Gas,gas,0
Mistake,error,0
University,universitat,1
Ocean,oceà,0
Century,segle,0
Honey,mel,1
Pile,pila,1
Bowl,bol,0
Base,base,1
Fence,tanca,1
Rule,regla,1
Laughter,riure,0
Anger,ràbia,1
Sweat,suor,1
Accident,accident,0
Decision,decisió,1
Angel,àngel,0
Strength,punts,0
Chicken,pollastre,0
Study,estudis,0
Tape,cinta,1
Wrist,canell,0
Stop,presa,1
Hip,malucs,0
Government,govern,0
Belly,ventre,0
Queen,reina,1
Report,informe,0
Tail,cua,1
Plant,planta,1
Flame,flama,1
Belt,cinturó,0
Neighborhood,barri,0
Energy,energia,1
Green,verd,0
Enemy,enemic,0
Entrance,entrada,1
Library,biblioteca,1
Writer,escriptor,0
Peace,pau,1
Touch,tacte,0
Pot,olla,1
Cause,causa,1
Rope,corda,1
Muscle,múscul,0
Painting,pintura,1
Curtain,teló,0
Act,nu,0
Wolf,llop,0
Cabin,cabana,1
Charge,tarifa,1
Passenger,passatger,0
Drug,droga,1
Use,usos,0
Traffic,trànsit,0
Relief,alleujament,0
Cap,tapa,1
Pack,manada,1
Stand,estand,0
Elevator,ascensor,0
Birthday,aniversari,0
Lily,lliri,0
Iron,ferro,0
Eyebrow,cella,1
Speed,velocitat,1
Purpose,propòsit,0
Skirt,faldilla,1
Square,plaça,1
Article,article,0
English,anglès,0
Tower,torre,1
Battle,batalla,1
Race,cursa,1
Shock,xoc,0
Section,secció,1
Sword,espasa,1
Stick,pal,0
File,arxiu,0
Bread,pa,0
Oil,oli,0
Chain,cadena,1
Department,departament,0
Murder,assassinat,0
Bear,ós,0
Test,prova,1
Visit,visita,1
Milk,llet,1
Elbow,colze,0
Desire,desig,0
Patient,pacient,0
Lover,amant,0
Price,preu,0
Knowledge,coneixement,0
Beginning,principi,0
Cold,fred,0
Closet,gabinet,0
Dawn,alba,1
Temple,temple,0
Joy,alegria,1
Duty,deure,0
Practice,exercici,0
Heel,paràgraf,0
Valley,vall,1
Fight,lluita,1
Wire,cable,0
Jeans,texà,0
Kiss,petó,0
Jaw,mandíbula,1
Run,carrera,1
Hold,explotació,1
Relationship,relació,1
Object,objecte,0
Attack,atac,0
Highway,autopista,1
Crime,crim,0
White,blanc,0
Partner,soci,0
Priest,sacerdot,0
Lawn,gespa,1
Trunk,tribu,1
Cry,plor,0
Program,programa,0
Shelf,prestatgeria,1
Being,essència,0
Steel,acer,0
Sidewalk,vorera,1
Uniform,uniforme,0
Pattern,patró,0
Player,jugador,0
Novel,novel·la,1
Pillow,coixí,0
Lamp,làmpada,1
Drawer,calaix,0
Danger,perill,0
Detective,detectiu,0
Thinking,pensar,0
Crack,esquerda,1
Prayer,oració,1
Towel,tovallola,1
Glove,guant,0
Bay,badia,1
Audience,públic,0
Can,llauna,1
Waist,cintura,1
Pressure,pressió,1
Sink,aigüera,0
Return,retorn,0
Breeze,brisa,1
Taste,gustos,0
Stream,rierol,0
Result,resultat,0
Author,autor,0
Tip,consell,0
Shower,dutxa,1
Half,meitat,1
Fool,ximple,0
Tunnel,túnel,0
Client,client,0
Garage,garatge,0
Mission,missió,1
Market,mercat,0
Loss,pèrdua,1
Pen,ploma,1
Term,terme,0
Poem,poema,0
Prince,príncep,0
Lock,castell,0
Reality,realitat,1
Snake,serp,1
Apple,poma,1
Mask,màscara,1
Birth,naixement,0
Wonder,miracle,0
Tank,tanc,0
Staff,personal,0
Lie,mentida,1
Faith,fe,1
Honor,honor,0
Cream,crema,1
Victim,víctima,1
Contact,contacte,0
Thumb,polze,0
Reading,lectura,1
Fun,diversió,1
Candle,espelma,1
Cave,cova,1
Prison,presó,1
Emotion,emoció,1
Leader,líder,0
Degree,grau,0
Feature,característica,1
Ticket,bitllet,0
Alien,alienígena,0
Lesson,lliçó,1
Desert,desert,0
Cut,tall,0
Mess,confusió,1
Warning,avís,1
Tale,conte,0
Funeral,funeral,0
Cab,taxi,0
Reporter,reporter,0
Theater,teatre,0
Length,longitud,1
Mud,fang,0
Science,ciència,1
Drop,gota,1
String,cordó,0
Speech,discurs,0
Copy,espècimen,0
Cow,vaca,1
Worker,treballador,0
Thigh,cuixes,1
Lab,laboratori,0
Fruit,fruita,1
Patch,pegat,0
Silk,seda,1
Buck,dòlar,0
Brick,maó,0
Rifle,rifle,0
Issue,sortida,1
Director,director,0
Monster,monstre,0
Vehicle,vehicle,0
Alley,carreró,0
Sleeve,màniga,1
Grave,tomba,1
Bush,arbust,0
Dining,menjador,0
Opening,obertura,1
Twin,bessons,0
Barn,graner,0
Pound,lliura,1
Flash,llamp,0
Judge,jutge,0
Mass,masses,1
Process,procés,0
Tie,corbata,1
Purse,cartera,1
Pipe,canonada,1
Dragon,drac,0
Horizon,horitzó,0
Tray,safata,1
Envelope,sobre,0
Check,xec,0
Adult,adult,0
Emergency,emergència,1
Material,material,0
Childhood,infantesa,1
Habit,hàbit,0
Artist,artista,0
Address,adreça,1
Universe,univers,0
Shell,closca,1
Community,comunitat,1
Start,inici,0
Wound,ferida,1
Mouse,ratolí,0
Pilot,pilot,0
Video,vídeo,0
Basket,cistella,1
Wagon,vagó,0
Attempt,intent,1
Cake,pastís,0
Shore,costa,1
General,general,0
Root,arrel,1
Robe,capa,1
Press,premsa,1
Rat,rata,1
Society,societat,1
Style,estil,0
County,districte,0
Visitor,visitant,0
Model,model,0
Chamber,cambra,1
Bunch,ram,0
Background,fons,0
Unit,unitat,1
Furniture,mobles,0
Nail,ungla,1
Scream,crit,0
Property,propietat,1
Driveway,ascensió,1
Grip,mànec,0
Tube,tub,0
Ash,cendres,1
Fan,ventilador,0
Opinion,opinió,1
Data,dada,1
Connection,connexió,1
Trick,truc,0
Period,període,0
Writing,escriptures,1
Horror,horror,0
Candy,dolç,0
Bitch,puta,1
Health,salut,1
Manager,gerent,0
Height,alçada,1
Appearance,aparença,1
Sigh,sospir,0
Mine,mina,1
Cloth,teixit,0
Reaction,reacció,1
Source,font,1
Self,jo,0
Pistol,pistola,1
Airport,aeroport,0
Hero,heroi,0
Promise,promesa,1
Bow,arc,0
Tent,tenda,1
Cash,efectiu,0
Avenue,avinguda,1
TShirt,samarreta,1
Carpet,catifa,1
Basement,celler,0
Girlfriend,núvia,1
Beard,barba,1
Signal,senyal,0
Servant,servent,0
Whisper,xiuxiueigs,0
Doubt,dubte,0
Account,compte,0
Magic,màgia,1
Hank,bony,0
Limb,penis,0
Bastard,bastard,0
Skull,calavera,1
Horn,banya,1
Oak,roure,0
Ankle,turmell,0
Doll,nina,1
Sandwich,entrepà,0
Robin,pitroig,0
Justice,justícia,1
Pride,orgull,0
Youth,joventut,1
Secretary,secretari,0
Research,recerca,1
Sport,esport,0
Task,tasca,1
Grant,beca,1
Sheriff,xèrif,0
Midnight,mitjanit,1
Chip,xip,0
Theory,teoria,1
Alarm,alarma,1
Collection,col·lecció,1
Cross,creu,1
Pine,pins,0
Generation,generació,1
Authority,autoritat,1
Pearl,perla,1
Toilet,vàter,0
Killer,assassí,0
Medicine,medicina,1
Sugar,sucre,0
Princess,princesa,1
Argument,argument,0
Cliff,penyasegat,0
Cart,vagons,0
Crystal,cristall,0
Bean,mongeta,1
Cage,gàbia,1
Chocolate,xocolata,1
Decade,dècada,1
Meaning,significat,0
Suitcase,maleta,1
Operation,operació,1
Breathing,respirar,0
Version,versió,1
Prisoner,presoner,0
Rush,intoxicació,1
Lane,carril,0
Pole,aposta,1
Freedom,llibertat,1
Skill,habilitat,1
Passion,passió,1
Activity,activitat,1
Platform,plataforma,1
Salt,sal,1
Bike,bicicleta,1
Companion,company,0
Fate,destí,0
Supply,subministrament,0
Whale,balena,1
Pig,porc,0
Rabbit,conill,0
Monitor,monitor,0
Helmet,casc,0
Respect,respecte,0
Fur,pelatge,0
Range,amplada,1
Code,codi,0
Chapter,capítol,0
Reflection,reflex,0
Mail,correu,0
Fly,mosca,1
Toy,joguines,1
Baseball,beisbol,0
Inside,interior,0
Pace,tempo,0
Lead,lideratge,0
Amount,quantitat,1
Nerve,nervi,0
Terror,terror,0
Sweater,jersei,0
Quality,qualitat,1
Hunter,caçador,0
Buster,destructor,0
Cotton,cotó,0
Sergeant,sergent,0
Credit,crèdit,0
Devil,diable,0
Threat,amenaça,1
Success,èxit,0
Pan,paella,1
Clerk,empleat,0
Title,títol,0
Meter,comptador,0
Shame,vergonya,1
Needle,agulla,1
Lung,pulmons,0
Warrior,guerrer,0
Circumstance,circumstàcia,1
Studio,estudi,0
Panic,pànic,0
Lack,manca,1
Farmer,pagès,0
Accent,accent,0
Bomb,bomba,1
Panel,panell,0
Victor,guanyador,0
Glow,resplendor,1
Behavior,comportament,0
Slave,esclau,0
Lieutenant,tinent,0
Barrel,barril,0
Impression,impressió,1
Mason,maçó,0
Package,paquet,0
Fog,boira,1
Walking,caminar,0
Balance,equilibri,0
Sock,mitjó,0
Robot,robot,0
Potato,patata,1
Diamond,diamant,0
Corpse,cadàver,0
Explanation,declaració,1
Structure,estructura,1
Blue,blau,0
American,nordamericà,0
Ruby,robí,0
Pit,fossa,1
Colonel,coronel,0
Dock,port,0
Tourist,turista,0
Defense,defensa,1
Bite,mossegada,1
Museum,museu,0
Favor,favor,0
Comfort,comoditat,1
Dean,degà,0
Value,valor,0
March,marxa,1
Estate,finca,1
Poet,poeta,0
Palace,palau,0
Soup,sopa,1
Nation,nació,1
Standing,parada,1
Sack,sac,0
Demon,dimoni,0
Conference,conferència,1
Juice,suc,0
Responsibility,responsabilitat,1
Brush,pinzell,0
Cheese,formatge,0
Hood,capó,0
Duck,ànec,0
Saint,sant,0
Pass,pass,0
Target,objectiu,0
Orange,taronja,1
Culture,cultura,1
Tour,tour,0
Commander,comandant,0
Hook,ganxo,0
Training,formació,1
Coin,moneda,1
Advantage,avantatge,0
Exchange,intercanvi,0
Fiction,ficció,1
Pond,estany,0
Assistant,assistent,0
Design,disseny,0
Fishing,pesca,1
Slope,pendent,0
Earl,comte,0
Comment,comentari,0
Waiter,cambrer,0
Curve,corba,1
Volume,volum,0
Risk,risc,0
Nightmare,malson,0
Existence,existència,1
Trace,rastre,0
Disease,malaltia,1
Support,suport,0
Witness,testimoni,0
Stock,estoc,0
Device,dispositiu,0
Landscape,paisatge,0
Holiday,vacances,1
Ace,as,0
Piano,piano,0
Gut,intestí,0
Talent,talent,0
Imagination,imaginació,1
Black,negre,0
Reed,espadanya,1
Hint,pista,1
Walker,caminant,0
Chill,estremiment,0
Interview,entrevista,1
Approach,enfocament,0
Scar,cicatriu,1
Fashion,moda,1
Channel,canal,0
Footstep,petjada,1
Pickup,recollida,1
Hawk,falcó,0
Trailer,tràiler,0
Statue,estàtua,1
Pill,píndola,1
Bug,escarabat,0
Bucket,galleda,1
Vacation,vacança,1
Species,espècie,1
Column,columna,1
Damage,dany,0
Instrument,instrument,0
Strip,ratlla,1
Garbage,escombaria,1
Rib,costella,1
Notebook,quadern,0
Corn,blat,0
Offer,oferta,1
Drawing,dibuix,0
Intelligence,intel·ligència,1
Excuse,disculpa,1
Landing,desembarcament,0
Copyright,dret,0
Rod,vareta,1
Fantasy,fantasia,1
Curiosity,curiositat,1
Gown,túnica,1
Border,frontera,1
Poetry,poesia,1
Rise,pujada,1
Handful,grapat,0
China,porcellana,1
French,francès,0
Mean,mitjana,1
Deer,cérvol,0
Print,gravat,0
Rail,rails,0
Courage,coratge,0
Arrival,arribades,1
Ridge,carena,1
Idiot,idiota,0
Bull,toro,0
Seed,llavors,1
Progress,progrés,0
Shorts,pantaló,0
Citizen,ciutadà,0
Log,tronc,0
Patience,paciència,1
Bat,ratpenat,0
Football,futbol,0
Routine,rutina,1
Explosion,explosió,1
Content,contingut,0
Scientist,científic,0
Failure,fracàs,0
Sin,pecat,0
Understanding,enteniment,0
Trade,comerç,0
Refrigerator,nevera,1
Flashlight,llanterna,1
Net,xarxa,1
Sailor,mariner,0
Attitude,configuració,1
Guilt,culpa,1
Sip,glop,0
Travel,viatjar,0
Cookie,galeta,1
Escape,fugida,1
Instruction,instrucció,1
Marble,marbre,0
Dusk,crepuscle,0
Monkey,mico,0
Makeup,maquillatge,0
Blouse,brusa,1
Rhythm,ritme,0
Steam,vapor,0
Pencil,llapis,0
Cook,xef,0
Flag,bandera,1
Coach,entrenador,0
Swing,gronxador,0
Speaker,orador,0
Bolt,forrellat,0
Fat,greix,0
Round,ronda,1
Straw,palla,1
Hatch,escotilla,1
Fork,forquilla,1
Evil,mal,0
Maid,criada,1
Relative,familiars,0
Witch,bruixa,1
Courtyard,pati,0
Sensation,sensació,1
Bubble,bombolla,1
Reader,lector,0
Curl,rínxol,0
Union,sindicat,0
Teenager,adolescent,0
Waitress,cambrera,1
Rumor,rumor,0
Gravity,gravetat,1
Shelter,protecció,1
Adventure,aventura,1
Lion,lleó,0
Confidence,confiança,1
Depth,profunditats,1
Reach,gamma,1
Hammer,martell,0
Bible,bíblia,1
Contract,tractat,0
Jungle,selva,1
Factory,fàbrica,1
Indian,indi,0
Balcony,balcó,0
Rice,arròs,0
Knot,nus,0
Colleague,col·lega,0
Intention,intenció,1
Stare,rígid,0
Motel,motel,0
Darling,estimada,0
Discussion,discussió,1
Atmosphere,atmosfera,1
Performance,actuació,1
Tension,tensió,1
Text,text,0
Noon,migdia,0
Vein,vena,1
Expert,expert,0
Gang,colla,1
Cancer,càncer,0
Fox,guineu,1
Divorce,divorci,0
Absence,absència,1
Violence,violència,1
Humor,humor,0
Stool,tamboret,0
Gravel,grava,1
Treasure,tresor,0
Butter,mantega,1
Switch,interruptor,0
Cigar,cigar,0
Canvas,llenç,0
Pin,passador,0
Actor,actor,0
Whole,tot,0
Brown,marró,0
Host,amfitrió,0
Scarf,mocador,0
Scale,escala,1
Arrow,fletxa,1
Temperature,temperatura,1
Technology,tecnologia,1
Permission,permís,0
Location,ubicació,1
Claw,urpa,1
Cowboy,vaquer,0
Agency,agència,1
Construction,construcció,1
Hunting,caça,1
Vegetable,verdura,1
Helicopter,helicòpter,0
Trap,trampa,1
Gap,bretxa,1
Pet,mascota,1
Education,educació,1
Shopping,compra,1
Shed,cobert,0
Agreement,acord,0
Duke,duc,0
Shotgun,escopeta,1
Rear,popa,1
Ceremony,cerimònia,1
Spoon,cullera,1
Tub,banyera,1
Iris,iris,0
Incident,incident,0
Access,accés,0
Brass,llautó,0
Sidebar,barra,1
Sheep,ovella,1
Engineer,enginyer,0
Invitation,invitació,1
Rag,draps,0
Good,bo,0
Dude,tipus,0
Treatment,tractament,0
Wisdom,saviesa,1
Element,element,0
Giant,gegant,0
Napkin,tovalló,0
Laundry,bugaderia,1
Option,opció,1
Request,investigació,1
Ranch,ranxo,0
Script,guió,0
Ford,ford,0
Widow,vídua,1
Crow,corb,0
Thread,fil,0
Suicide,suïcidi,0
Sunset,posta,1
Gallery,galeria,1
Thunder,tro,0
Soap,sabó,0
Whiskey,whisky,0
Mayor,alcalde,0
Stroke,ictus,0
Click,clic,0
Miller,moliner,0
Schedule,horari,0
Cemetery,cementiri,0
Instinct,instint,0
Nest,niu,0
German,alemanys,0
Monk,monjo,0
Worm,cuc,0
Document,document,0
Dancer,ballarí,0
Insurance,assegurança,1
Mattress,matalàs,0
Clinic,clínica,1
Ad,anunci,0
Kit,conjunt,0
Communication,comunicació,1
Disaster,catàstrofe,1
Tile,rajola,1
Receiver,receptor,0
Roar,rugit,0
Troop,tropes,1
Coffin,taüt,0
Friendship,amistat,1
Sale,venda,1
Ambulance,ambulància,1
Wool,llana,1
Mac,impermeable,0
Minister,ministre,0
Thief,lladre,0
Briefcase,maletí,0
Pity,llàstima,1
Fingertip,punta,1
Navy,marina,1
Insect,insecte,0
Velvet,vellut,0
Bee,abella,1
Gene,gen,0
Salad,amanida,1
Windshield,parabrisa,0
Shuttle,llançadora,1
Challenge,repte,0
Satisfaction,satisfacció,1
Product,producte,0
Stretch,tram,0
Gym,gimnàs,0
Capital,capital,1
Paw,pota,1
Fort,fort,0
Cost,cost,0
Poster,cartell,0
Vampire,vampir,0
Shaft,eix,0
Identity,identitat,1
Asshole,imbècil,0
Parlor,saló,0
Example,exemple,0
Golf,golf,0
Quilt,edredó,0
Tax,impost,0
Fold,plec,0
Portrait,retrat,0
Costume,vestuari,0
Measure,mesura,1
Carriage,carruatge,0
Guitar,guitarra,1
Knight,cavallers,0
Rank,rang,0
Major,major,0
Stall,estable,0
Load,càrrega,1
Spark,espurna,1
Waste,residu,0
Champagne,xampany,0
Judgment,veredicte,0
Sympathy,compassió,1
Violet,violeta,1
Impact,impacte,0
Disappointment,decepció,1
Drinking,beure,0
Consciousness,consciència,1
Dancing,ball,0
Perfume,perfum,0
Claim,demanda,1
Nun,monja,1
Crown,corona,1
Railing,barana,1
License,llicència,1
Balloon,globus,0
Chaos,caos,0
Fever,febre,1
Locker,armariet,0
Session,sessió,1
Burst,brot,0
Peak,cim,0
Drum,tambor,0
Focus,focus,0
Frog,granota,1
Benefit,beneficis,0
Tide,inundació,1
Suspicion,sospita,1
Jeep,jeep,0
Literature,literatura,1
Archer,arquer,0
Shepherd,pastor,0
Lens,lent,1
Favorite,favorit,0
Mansion,vila,1
Boom,boom,0
Review,qualificació,1
Reception,recepció,1
Scrap,ferralla,1
Glare,enlluernar,0
Rocket,coet,0
Canyon,congost,0
Spider,aranya,1
Personality,personalitat,1
Campus,campus,0
Curse,maledicció,1
Urge,impuls,0
Frustration,frustració,1
Ease,lleugeresa,1
Solution,solució,1
Jewelry,joia,1
Siren,sirena,1
Tradition,tradició,1
Variety,varietat,1
Pirate,pirata,0
Description,descripció,1
Pizza,pizza,1
Elephant,elefant,0
Politics,política,1
Tennis,tennis,0
Hunger,fam,1
Genius,geni,0
Goat,cabra,1
Victory,victòria,1
Combination,combinació,1
Affiliation,afiliació,1
Governor,governador,0
Oxygen,oxigen,0
Bishop,bisbe,0
Development,desenvolupament,0
Score,puntuació,1
Mate,camarada,0
Rider,genet,0
Orbit,òrbita,1
Vine,vinya,1
Suite,suite,1
Coke,cocacola,1
Tune,melodia,1
Glory,fama,1
Rabbi,rabí,0
Cattle,bestiar,0
Ritual,ritual,0
Greeting,salutacions,1
Slice,disc,0
Homer,homer,0
Fireplace,xemeneia,1
Media,mitjà,0
Inn,alberg,0
Deputy,diputat,0
Despair,desesperació,1
Jazz,jazz,0
Hug,abraçada,1
Humanity,humanitat,1
Craft,artesania,1
Slip,dipòsit,0
Armor,armadura,1
Backpack,motxilla,1
Suggestion,proposta,1
Symbol,símbol,0
Colony,colònia,1
Conclusion,conclusió,1
Spear,llança,1
Tomato,tomàquet,0
Calf,vedell,0
Discovery,descobriment,0
Classroom,aula,1
Delivery,lliurament,0
Spray,esprai,0
Liquid,líquid,0
Fuel,combustible,0
Dome,cúpula,1
Population,població,1
Affection,afecte,0
Religion,religió,1
Singer,cantant,0
Illusion,il·lusió,1
Link,enllaç,0
Shrug,encongiment,0
Standard,estàndard,0
Coal,carbó,0
Lump,boleta,1
Charm,encant,0
Legend,llegenda,1
Consequence,conseqüència,1
Observation,observació,1
Pay,salaris,0
Subway,metro,0
Cherry,cirera,1
Dealer,comerciant,0
Hurry,pressa,1
Mistress,estimat,0
Nonsense,absurd,0
Committee,comitè,0
Echo,eco,0
Slack,lleva,1
Decker,manta,1
Toast,torrades,1
Facility,instal·lació,1
Basketball,bàsquet,0
Mustache,bigoti,0
Senator,senador,0
Eyelid,parpella,1
Enthusiasm,entusiasme,0
Turtle,tortuga,1
Alcohol,alcohol,0
Gum,xiclet,0
Turkey,gall,0
Preacher,predicador,0
Possession,possessió,1
Dolly,camió,0
Heap,munt,0
Photographer,fotògraf,0
Brake,frens,0
Apron,davantal,0
Jury,jurat,0
Hearing,audiència,1
Gray,gris,0
Method,mètode,0
Reference,referència,1
Disgust,fàstic,0
Liquor,aiguardent,0
Lipstick,pintallavis,0
Core,nucli,0
Individual,individu,0
Container,contenidor,0
Sunglasses,ullera,1
Concert,concert,0
Railroad,ferrocarril,0
Parade,desfilada,1
Compartment,compartiment,0
Resident,resident,0
Oven,forn,0
Technician,tècnic,0
Procedure,procediment,0
Fighter,lluitador,0
Grain,gra,0
Picnic,pícnic,0
Meadow,prat,0
Poison,verí,0
Buffalo,búfal,0
Region,regió,1
Production,producció,1
Running,córrer,0
Loop,bucle,0
Sleeping,dormir,0
Soda,llimonada,1
Owl,mussol,0
Menu,menú,0
Kick,puntada,1
Ruin,ruïna,1
Ramp,rampa,1
Streak,ratlles,1
Forearm,avantbraç,0
Knuckle,articulació,1
Goose,oca,1
Fairy,fada,1
Brand,marca,1
Organ,orgue,0
Butterfly,papallona,1
Empire,imperi,0
Profile,perfil,0
Disbelief,incredulitat,1
Grove,grove,0
Shield,escut,0
Saddle,sella,1
Odds,possiblitat,1
Cluster,clúster,0
Satellite,satèl·lit,0
Trigger,desencadenant,0
Puppy,cadell,0
Waiting,esperar,0
Bulb,bombeta,1
Dresser,calaixera,1
Patrol,patrulla,1
Eagle,àguila,1
Privacy,privacitat,1
Herd,ramat,0
Amusement,entreteniment,1
Tobacco,tabac,0
Tattoo,tatuatge,0
Slide,tobogan,0
Bond,vincle,0
Swimming,natació,1
Foundation,fundació,1
Injury,lesió,1
League,lliga,1
Battery,bateria,1
Umbrella,paraigua,0
Emperor,emperador,0
Pier,moll,0
Tap,aixeta,1
Cutter,tallador,0
Attic,àtic,0
Tiger,tigre,0
Ancestor,avantpassat,0
Concentration,concentració,1
Blessing,benedicció,1
Torch,torxa,1
Ink,tinta,1
Rent,lloguer,0
Mule,mula,1
Environment,medi,0
Inspector,inspector,0
Complaint,denúncia,1
Portion,porció,1
Chuck,servir,0
Clearing,clariana,1
Crisis,crisi,1
Necklace,collaret,0
Wealth,riquesa,1
Civilization,civilització,1
Concept,concepte,0
Lamb,anyell,0
Cuff,punyal,0
Virgin,verge,1
Squirrel,esquirol,0
Starling,estornel,0
Depression,depressió,1
Storage,emmagatzematge,0
Altar,altar,0
Tragedy,tragèdia,1
Resource,recurs,0
Traveler,viatger,0
Kingdom,regne,0
Musician,músic,0
Elf,elf,0
Protest,protesta,1
Aspect,aspecte,0
Dial,esfera,1
Slipper,sabatilla,1
Actress,actriu,1
Shooting,tir,0
Earring,arracada,1
Ant,formiga,1
Patty,panet,0
Sauce,salsa,1
Intensity,intensitat,1
Ditch,rasa,1
Daisy,margarida,1
Chapel,capella,1
Swamp,pantà,0
Guess,conjectura,1
Crane,grua,1
Sequence,seqüència,1
Fragment,fragment,0
Draft,elaboració,1
Function,funció,1
Organization,organització,1
Skeleton,esquelet,0
Misery,misèria,1
Stump,soca,1
Stake,que,0
Puff,buf,0
Creation,creació,1
Wake,despertar,0
Wizard,mag,0
Mat,estora,1
Seal,segell,0
Grunt,grunyit,0
Punishment,càstig,0
Clan,clan,0
Copper,coure,0
Debris,brossa,1
Painter,pintor,0
Math,matemàtica,1
Recognition,reconeixement,0
Regret,penediment,0
Mill,molí,0
Romance,romanç,0
Patio,terrassa,1
Shovel,pala,1
Pajamas,pijama,0
Pigeon,colom,0
Dinosaur,dinosaure,0
Industry,indústria,1
Operator,operador,0
Counselor,consultor,0
Drama,drama,0
Chick,pollet,0
Chart,diagrama,0
Campaign,campanya,1
Laurel,llorer,0
Steak,bistec,0
Criminal,criminal,0
Bruise,contusió,1
Sweetheart,més,0
Opera,òpera,1
Frost,congelat,0
Nipple,mugró,0
Weakness,debilitat,1
Butcher,carnisser,0
Cube,cub,0
Hollow,buit,0
Hay,fenc,0
Bark,escorça,1
Survival,supervivència,1
Bunk,llitera,1
Approval,consentiment,0
Division,divisió,1
Cocktail,còctel,0
Contest,competició,1
Paradise,paradís,0
Razor,navalla,1
Catch,captura,1
Puddle,bassal,0
Onion,ceba,1
Laser,làser,0
Influence,influència,1
Jump,salt,0
Cement,ciment,0
Amber,ambre,0
Goddess,deessa,1
Braid,trena,1
Dignity,dignitat,1
Lemon,llimona,1
Clown,pallasso,0
Destruction,destrucció,1
Exception,excepció,1
Peach,préssec,0
Release,alliberament,0
Spy,espia,0
Bra,sostenidor,0
Remains,resta,1
Logic,lògica,1
Pitcher,gerra,1
Perspective,perspectiva,1
Crop,collita,1
Graduate,graduat,0
Survivor,supervivent,0
Payment,pagament,0
Revenge,venjança,1
Ginger,gingebre,0
Surgeon,cirurgià,0
Sandal,sandàlia,1
Hatred,odi,0
Departure,descens,0
Outline,contorn,0
Runner,corredor,0
Anticipation,anticipació,1
Translation,traducció,1
Headquarters,seu,1
Celebration,celebració,1
Agony,agonia,1
Terminal,terminal,0
Expectation,expectativa,1
Pasture,pastures,0
Console,consola,1
Strike,vaga,1
Rescue,rescat,0
Badge,insígnia,1
Puzzle,enigma,1
Charity,caritat,1
Applause,aplaudiment,0
Philosophy,filosofia,1
Nephew,nebot,0
Essay,assaig,0
Repair,reparacions,1
Mix,barreja,1
Barrier,barrera,1
Goodness,bondat,1
Scout,escolta,0
Microphone,micròfon,0
Label,etiqueta,1
Pepper,pebre,0
Coyote,coiot,0
Vest,armilla,1
Pony,poni,0
Donkey,ase,0
Cycle,cicle,0
Gasp,panteix,0
Irony,ironia,1
Award,premi,0
Grape,raïm,0
Hesitation,vacil·lació,1
Tavern,taverna,1
Sail,vela,1
Silhouette,silueta,1
Institute,institut,0
Liar,mentider,0
Technique,tècnica,1
Index,índex,0
Plank,tauló,0
Jerk,ruc,0
Growth,creixement,0
Stocking,mitja,1
Bracelet,polsera,1
Jelly,melmelada,1
Diet,dieta,1
Concrete,formigó,0
Contrast,contrast,0
Banner,pancarta,1
Resistance,resistència,1
Stay,estada,1
Posture,actitud,1
Vodka,vodka,0
Album,àlbum,0
Era,època,1
Acquaintance,conegut,0
Revolution,revolució,1
Nap,migdiada,1
Veil,vel,0
Holly,grèvol,0
Appetite,gana,1
Ivy,heura,1
Niece,neboda,1
Galaxy,galàxia,1
Madness,boig,0
Baker,forner,0
Virus,virus,0
Suffering,patiment,0
Slot,ranura,1
Folder,carpeta,1
Confession,confessió,1
Porter,porter,0
Dessert,postres,1
Dump,abocador,0
Profit,benefici,0
Grandchild,nét,0
Gossip,xafarderia,1
Mare,euga,1
Broom,escombra,1
Hoof,peülla,1
Sensor,sensor,0
Scholar,erudit,0
Therapy,teràpia,1
Peanut,cacauet,0
Headline,titular,0
Bacon,cansalada,1
Violin,violí,0
Plague,pesta,1
Blur,difuminació,1
Deacon,diaca,0
Arrest,detenció,1
Banana,plàtan,0
Gin,ginebra,1
Shark,tauró,0
Preparation,preparació,1
Scratch,ratllades,1
Dressing,vestir,0
Signature,signatura,1
Admiral,almirall,0
Analysis,anàlisi,1
Lizard,llangardaix,0
Stress,estrès,0
Homework,deures,0
Conviction,condemna,1
Rover,rover,0
Wren,trogloteig,0
Expedition,expedició,1
Reward,recompensa,1
Residence,residència,1
Baron,baró,0
Complex,complex,0
Candidate,candidat,0
Triumph,triomf,0
Twist,gir,0
Sketch,esbós,0
Heartbeat,batecs,0
Cafeteria,cafeteria,1
Maze,laberint,0
Fisherman,pescador,0
Hum,brunzit,0
Kitten,gatet,0
Substance,substància,1
Dagger,daga,1
Con,vertigen,0
Loneliness,solitud,1
Motorcycle,moto,1
Peer,companys,0
Insult,insult,0
Capacity,capacitat,1
Awe,admiració,1
Chili,xili,0
Lodge,lògia,1
Clip,clip,0
Limo,limusina,1
Mosquito,mosquit,0
Shake,sacsejada,1
Casino,casino,0
Pea,pèsol,0
Murmur,murmuri,0
Conflict,conflicte,0
Stem,tija,1
Sob,sanglot,0
Pregnancy,embaràs,0
Suspect,sospitós,0
Coincidence,coincidència,1
Ranger,ranger,0
Cartoon,dibuixos,0
Kindness,amabilitat,1
Cruiser,creuer,0
Cheer,crits,0
Cone,con,0
Circuit,circuit,0
Ivory,ivori,0
Carpenter,fuster,0
Bum,vagabund,0
Reservation,reserva,1
Groan,gemecs,0
Academy,acadèmia,1
Longing,enyorança,0
Kip,kip,0
Drill,trepant,0
Luggage,equipatge,0
Canopy,marquesina,1
Virtue,virtut,1
Anchor,àncora,1
Harmony,harmonia,1
Maple,auró,0
Throne,tron,0
Application,aplicació,1
Physics,física,1
Neon,neó,0
Fatigue,fatiga,1
Manuscript,manuscrit,0
Memorial,monument,0
Japanese,japonesos,0
Engineering,enginyeria,1
Left,esquerra,1
Bronze,bronze,0
Association,associació,1
Fleet,flota,1
Marker,marcador,0
Episode,episodi,0
Origin,origen,0
Cathedral,catedral,1
Down,baix,0
Continent,continent,0
Volunteer,voluntari,0
Mention,menció,1
Giggle,rialla,1
Cleaning,neteja,1
Receptionist,recepcionista,1
Caller,cridaner,0
Pursuit,persecució,1
Contempt,menyspreu,0
Threshold,llindar,0
Deed,escriptura,1
Artifact,artefacte,0
Italian,italià,0
Eternity,eternitat,1
Slate,pissarra,1
Motive,motiu,0
Mechanic,mecànic,0
Ally,aliat,0
Vase,gerro,0
Salesman,venedor,0
Therapist,terapeuta,0
Maverick,solitari,0
Ham,pernil,0
Carter,carter,0
Investment,inversió,1
Innocence,innocència,1
Calendar,calendari,0
Revelation,revelació,1
Pancake,crep,1
Asteroid,asteroide,0
Postcard,postal,1
Determination,disposició,1
Tractor,tractor,0
Berry,baia,1
Introduction,introducció,1
Butler,majordom,0
Cough,tos,1
Granite,granit,0
Ambassador,ambaixadors,0
Sitting,seure,0
Compliment,compliment,0
Doorbell,timbre,0
Certainty,certesa,1
Politician,polític,0
Gratitude,gratitud,1
Plaster,guix,0
Settlement,assentament,0
Chop,aixades,1
Homicide,homicidi,0
Aluminum,alumini,0
Pupil,estudiant,0
Profession,professió,1
Retreat,retir,0
Intersection,cruïlles,0
Scheme,esquema,0
Publisher,editor,0
Circus,circ,0
Dimension,dimensió,1
Zoo,zoo,0
Messenger,missatger,0
Tangle,embolic,0
Strategy,estratègia,1
Businessman,empresari,0
Drain,desguàs,0
Strawberry,maduixa,1
Binoculars,prismàtics,0
Discipline,disciplina,1
Hedge,bardissa,1
Moan,gemec,0
Income,ingrés,0
Myth,mite,0
Shutter,tancament,0
Raft,bassa,1
Ambition,ambició,1
Camel,camell,0
Beating,pallissa,1
Acid,àcid,0
Internet,internet,0
Cockpit,cabina,1
Wreck,naufragi,0
Wig,perruca,1
Rein,regnes,1
Recorder,flauta,1
Exam,examen,0
Courtesy,cortesia,1
Cheekbone,pòmuls,0
Whip,fuet,0
Pilgrim,pelegrí,0
Collapse,col·lapse,0
Faculty,facultat,1
Sage,savi,0
Asphalt,asfalt,0
Privilege,privilegi,0
Maintenance,manteniment,0
Orchard,hort,0
Cot,bressol,0
Lighter,encenedor,0
Snack,berenar,0
Talking,parlar,0
Sculpture,escultura,1
Sum,suma,1
Carrot,pastanaga,1
Radar,radar,0
Designer,dissenyador,0
Surge,empenta,1
Heir,hereu,0
Vault,volta,1
Sissy,memme,0
Native,nadius,0
Lovemaking,acte,0
Aide,ajudant,0
Bulk,massa,1
Poker,pòquer,0
Lime,llima,1
Surveillance,seguiment,0
Assembly,assemblea,1
Carrier,transportista,0
Engagement,compromís,0
Kin,familiar,0
Fit,ajust,0
Farmhouse,masia,1
Foam,escuma,1
Tug,remolcadors,0
Journalist,periodista,0
Recording,enregistrament,0
Cure,curació,1
Scissors,tisores,1
Resort,resort,0
Opponent,oponent,0
Hurricane,huracà,0
Mushroom,bolet,0
Keyboard,teclat,0
Cedar,cedre,0
Jasmine,gessamí,0
Armchair,butaca,1
Attraction,atracció,1
Blind,persianes,1
Cylinder,cilindre,0
Swallow,oreneta,1
Celebrity,celebritat,1
Triangle,triangle,0
Stench,pudor,1
Array,matriu,1
Retirement,jubilació,1
Ski,esquís,0
Supervisor,superior,0
Expanse,immensitat,1
Moss,molsa,1
Loyalty,fidelitat,1
Lavender,canyella,1
Pardon,perdó,0
Ashtray,cendrer,0
Shard,fragments,0
Distraction,distracció,1
Majesty,majestat,1
Pyramid,piràmide,1
Distress,relaxació,1
Independence,independència,1
Crush,eixam,0
Chuckle,rialles,1
Dime,deu,0
Gust,ràfega,1
Russian,russos,0
Foreigner,estranger,0
Salary,sou,0
Scope,abast,0
Rebel,rebel,0
Thug,raqueta,1
Tomb,tombes,1
Socket,sòcol,0
Refugee,refugiat,0
Phase,fase,1
Pumpkin,carbassa,1
Thorn,espina,1
Hide,amagatall,0
Sausage,botifarra,1
Dig,lupfer,0
Tan,bronzejat,0
Loan,préstec,0
Spike,picada,1
Crumb,molla,1
Wax,cera,1
Rental,lloguers,0
Flora,flora,1
Festival,festival,0
Debate,debat,0
Critic,crític,0
Cast,càsting,0
Loft,loft,0
Commission,comissió,1
Flicker,parpelleig,0
Economy,economia,1
Radiation,radiació,1
Bodyguard,guardaespatlles,0
Realization,realització,1
Crater,cràter,0
Congress,congrés,0
Fry,rostit,0
Shiver,tremolor,0
Obligation,obligació,1
Loser,perdedor,0
Wink,ullet,0
Pebble,còdol,0
Workshop,seminari,0
Exhaustion,esgotament,0
Double,doble,0
Comb,pinta,1
Finish,acabat,0
Interval,interval,0
Splash,esquitxada,1
Convention,convenció,1
Pose,postura,1
Ram,moltó,0
Gentry,noblesa,1
Seam,costura,1
Punk,punk,0
Bluff,bluff,0
Dune,duna,1
Dentist,dentista,0
Refuge,refugi,0
Satin,setí,0
Spread,distribució,1
Mailbox,bústia,1
Hiss,xiulet,0
Local,locals,0
Flour,farina,1
Sweet,dolçor,1
Orphan,orfe,0
Chess,escac,0
Petal,pètal,0
Paperwork,treball,0
Psychiatrist,psiquiatre,0
Interrupt,interrupció,1
Freezer,congelador,0
Illustration,il·lustració,1
Stew,guisat,0
Investigator,investigador,0
Suburb,suburbi,0
Holster,funda,1
Factor,factor,0
Intimacy,intimitat,1
Saving,estalvi,0
Software,programari,0
Birch,bedoll,0
Nursery,habitacions,1
Transport,transport,0
Definition,definició,1
Plum,pruna,1
Delay,retard,0
Inspection,inspecció,1
Cannon,canó,0
Praise,elogi,0
Penguin,pingüí,0
Torture,tortura,1
Particle,partícula,1
Translator,traductor,0
Freeze,congelació,1
Panties,briefs,0
Consideration,consideració,1
Spit,escopir,0
Cooler,refrigerador,0
Grill,graella,1
Nickname,sobrenom,0
Revolver,revòlver,0
Pike,lluç,0
Terrorist,terrorista,0
Beak,bec,0
Institution,institució,1
Comparison,comparació,1
Maker,fabricant,0
Sibling,germans,0
Wardrobe,armari,0
Flap,solapa,1
Sole,sola,1
Ego,ego,0
Antenna,antena,1
Cricket,grill,0
Troll,troll,0
Bookstore,llibreria,1
Coming,arribada,1
Objection,objecció,1
Backseat,seient,0
Ignorance,ignorància,1
Extension,extensió,1
Chemical,químic,0
Villager,vilatà,0
Perfection,perfecció,1
Pope,papa,0
Semester,semestre,0
Liver,fetge,0
Urgency,urgència,1
Volcano,volcà,0
Spice,espècia,1
Hostage,ostatge,0
Courthouse,jutjat,0
Salmon,salmó,0
Boxer,boxejador,0
Errand,encàrrec,0
Mechanism,mecanisme,0
Telescope,telescopi,0
Ferry,ferri,0
PasserBy,transeünt,0
Irritation,irritació,1
Coward,covard,0
Howl,udols,0
Hue,tonalitat,1
Discomfort,molèsties,1
Vent,ventilació,1
Canoe,canoa,1
Recipe,recepta,1
Hamburger,hamburguesa,1
Eave,ràfec,0
Barber,perruquer,0
Passing,passada,1
Betrayal,traïció,1
Tentacle,tentacle,0
Surf,surf,0
Plaid,quadre,0
Limp,coixesa,1
Administration,administració,1
Convenience,confort,0
Diaper,bolquer,0
Mole,talp,0
Cleaner,netejador,0
Swell,inflor,1
Scan,exploracions,1
Clarity,claredat,1
Producer,productor,0
Flying,volar,0
Plea,apel·lació,1
Prairie,praderia,1
Passport,passaport,0
Alternative,alternativa,1
Vanity,vanitat,1
Abuse,abús,0
Olive,oliva,1
Miner,miner,0
Backup,còpia,1
Intercom,intèrfon,0
Shawl,drap,0
Announcer,locutor,0
Rubble,runes,1
Axe,destral,1
Transmission,transmissió,1
Aroma,aroma,1
Dialogue,diàleg,0
Roller,patinet,0
Congregation,municipi,0
Terrain,terreny,0
Transfer,trasllat,0
Hardware,maquinari,0
Generator,generador,0
Luxury,luxe,0
Auditorium,auditori,0
Goblin,follet,0
Defeat,derrota,1
Admission,admissió,1
Obsession,obsessió,1
Saw,serra,1
Til,til,0
Stagger,mareig,0
Pussy,cony,0
Collector,col·leccionista,0
Earthquake,terratrèmol,0
Flake,floc,0
Syllable,síl·laba,1
Selection,selecció,1
Vow,vot,0
Granddaughter,néta,1
Symptom,símptoma,0
Riot,agitació,1
Plus,plus,0
Sparrow,pardal,0
Podium,podi,0
Accusation,acusació,1
Dolphin,dofí,0
Kettle,caldera,1
Vet,veterinari,0
Runway,passarel·la,1
Poppy,rosella,1
Lava,lava,1
Inspiration,inspiració,1
Bosom,pits,0
Intruder,intrús,0
Supermarket,supermercat,0
Jealousy,gelosia,1
Marina,porto,0
Belongings,immoble,0
Procession,processó,1
Astronaut,astronauta,0
Recovery,restauració,1
Harness,plats,0
Logo,logotip,0
Litter,llançament,0
Resentment,ressentiment,0
CoOp,cooperativa,1
Gypsy,gitanos,0
Imitation,imitació,1
Phenomenon,fenomen,0
Greek,grec,0
Republic,república,1
Emerald,maragda,1
Bathrobe,barnús,0
Hinge,frontissa,1
Bakery,fleca,1
Context,context,0
Bargain,tracte,0
Saying,proverbi,0
Foreman,capatàs,0
Swan,cigne,0
Flannel,franel·la,1
Learning,aprenentatge,0
Pub,pub,0
Fraction,fracció,1
Trout,truita,1
Glint,flaixos,0
Medal,medalla,1
Perception,percepció,1
Welcome,benvinguda,1
Dictionary,diccionari,0
Metaphor,metàfora,1
Poverty,probresa,1
